id,first_name,last_name,email,country,ip_address,resident
1,Nicole,Harper,nharper0@unicef.org,Indonesia,21.8.1.83,false
2,Karen,Riley,kriley1@ucoz.com,China,172.60.168.111,true
3,Clarence,Stone,cstone2@gizmodo.com,Indonesia,232.47.175.33,false
4,Catherine,Peterson,cpeterson3@europa.eu,Philippines,80.106.58.248,true
5,Kenneth,Thompson,kthompson4@linkedin.com,China,222.103.33.164,false
6,Mary,Alvarez,malvarez5@nationalgeographic.com,China,44.55.200.238,false
7,Jonathan,Martinez,jmartinez6@devhub.com,Norway,175.176.229.161,false
8,Linda,Hanson,lhanson7@walmart.com,France,55.92.212.41,false
9,Paula,Warren,pwarren8@trellian.com,Brazil,135.195.40.51,true
10,Kenneth,Armstrong,karmstrong9@blinklist.com,Portugal,63.65.138.217,true
11,Susan,Howell,showella@alexa.com,China,62.207.252.251,true
12,Jack,Bell,jbellb@xrea.com,Indonesia,74.157.115.112,true
13,Rachel,Parker,rparkerc@imdb.com,Brazil,23.97.227.16,true
14,Ryan,Smith,rsmithd@freewebs.com,China,247.207.7.216,true
15,Stephanie,Carroll,scarrolle@mlb.com,Iceland,9.157.45.116,true
16,Christopher,Ramos,cramosf@jalbum.net,Portugal,137.94.193.104,true
17,Clarence,Roberts,crobertsg@intel.com,China,161.243.161.1,true
18,Virginia,Bradley,vbradleyh@wunderground.com,Indonesia,1.2.208.104,true
19,Lawrence,Palmer,lpalmeri@sbwire.com,Norway,53.17.218.255,false
20,Teresa,Clark,tclarkj@studiopress.com,Indonesia,71.195.111.241,false
21,Bonnie,Boyd,bboydk@edublogs.org,Philippines,66.228.100.67,true
22,Linda,Thomas,lthomasl@narod.ru,Brazil,211.143.199.228,true
23,Ryan,Greene,rgreenem@twitpic.com,Philippines,19.249.213.25,true
24,Brian,Adams,badamsn@t-online.de,China,104.19.169.244,false
25,Shawn,Medina,smedinao@usnews.com,Cyprus,74.154.198.72,false
26,Phillip,Murphy,pmurphyp@fotki.com,Netherlands,31.190.25.237,true
27,Patricia,Welch,pwelchq@zdnet.com,Ukraine,86.155.126.31,true
28,Roy,Sims,rsimsr@unblog.fr,China,209.7.237.11,true
29,Susan,Anderson,sandersons@google.ca,Indonesia,1.60.206.215,false
30,Norma,Clark,nclarkt@furl.net,China,108.100.172.66,false
31,Donald,Foster,dfosteru@businessweek.com,Mexico,89.217.82.84,true
32,Willie,Johnson,wjohnsonv@answers.com,Bosnia and Herzegovina,235.57.192.234,false
33,Craig,Howell,chowellw@dailymail.co.uk,Colombia,186.27.161.115,true
34,Rebecca,George,rgeorgex@answers.com,Netherlands,240.169.190.245,true
35,John,Moore,jmoorey@ovh.net,China,67.64.241.123,false
36,Denise,Nelson,dnelsonz@youku.com,China,42.115.160.229,true
37,Ann,Rogers,arogers10@ycombinator.com,China,74.222.51.240,false
38,Melissa,West,mwest11@flavors.me,Montserrat,204.82.37.97,false
39,Philip,Powell,ppowell12@seattletimes.com,Chile,236.191.188.6,true
40,Karen,Campbell,kcampbell13@multiply.com,Poland,238.35.122.91,false
41,Judy,Butler,jbutler14@chron.com,Indonesia,172.69.45.241,true
42,Clarence,Garrett,cgarrett15@google.ca,Japan,134.248.133.50,false
43,Angela,Jordan,ajordan16@icio.us,Sweden,191.148.43.113,true
44,Pamela,Ford,pford17@columbia.edu,Russia,9.155.240.143,true
45,Ernest,West,ewest18@ezinearticles.com,China,48.165.106.192,true
46,Arthur,Hanson,ahanson19@cafepress.com,Nigeria,70.134.106.176,true
47,Harold,Morgan,hmorgan1a@topsy.com,Colombia,244.168.113.52,true
48,Ernest,Reyes,ereyes1b@youtu.be,Philippines,237.121.76.40,true
49,Harold,Kelley,hkelley1c@etsy.com,Greece,138.130.20.43,false
50,Christopher,Banks,cbanks1d@rambler.ru,Czech Republic,66.61.204.173,true
51,Russell,Burton,rburton1e@cnbc.com,United States,139.91.33.173,true
52,James,Brooks,jbrooks1f@freewebs.com,Kazakhstan,183.255.160.195,false
53,Tammy,Williamson,twilliamson1g@usgs.gov,China,37.70.76.81,true
54,Rachel,Warren,rwarren1h@hp.com,Portugal,170.86.68.57,false
55,Kimberly,Hill,khill1i@rambler.ru,United Kingdom,26.37.124.67,false
56,Amy,Gordon,agordon1j@infoseek.co.jp,China,142.16.230.89,false
57,Howard,Rivera,hrivera1k@abc.net.au,Bahamas,117.210.130.0,true
58,Linda,Wallace,lwallace1l@trellian.com,Nicaragua,96.9.38.111,true
59,Debra,Long,dlong1m@cisco.com,China,250.105.31.101,false
60,Adam,Hernandez,ahernandez1n@netlog.com,New Zealand,100.22.115.33,false
61,Evelyn,Evans,eevans1o@ow.ly,Russia,206.7.201.136,true
62,Aaron,Garrett,agarrett1p@senate.gov,Nepal,105.201.251.183,true
63,Angela,Gardner,agardner1q@comcast.net,Philippines,31.9.10.66,true
64,Jean,Cole,jcole1r@discovery.com,China,74.173.226.114,true
65,Harry,Dixon,hdixon1s@jugem.jp,Ethiopia,71.155.234.119,true
66,Theresa,Ray,tray1t@wikia.com,Brazil,177.116.10.232,true
67,Bruce,Reynolds,breynolds1u@liveinternet.ru,Indonesia,132.223.10.214,true
68,Martha,Hudson,mhudson1v@cloudflare.com,Peru,195.255.236.114,true
69,Victor,Dunn,vdunn1w@weebly.com,Western Sahara,147.57.182.76,true
70,Jeffrey,Boyd,jboyd1x@amazon.de,Indonesia,40.12.122.32,false
71,Carlos,Duncan,cduncan1y@friendfeed.com,Poland,241.251.127.253,false
72,Jeffrey,Alexander,jalexander1z@discovery.com,Brazil,119.164.238.2,false
73,Victor,Burke,vburke20@dagondesign.com,China,86.20.53.143,false
74,Margaret,Lawrence,mlawrence21@woothemes.com,Russia,99.10.19.198,true
75,Ronald,Price,rprice22@marriott.com,Albania,235.32.209.243,false
76,Billy,Fernandez,bfernandez23@sciencedirect.com,Sri Lanka,29.172.90.107,true
77,Evelyn,Edwards,eedwards24@fastcompany.com,Comoros,95.6.74.85,true
78,Louis,Watkins,lwatkins25@ibm.com,China,127.251.245.146,true
79,Michelle,Richardson,mrichardson26@globo.com,Argentina,179.59.255.194,false
80,Ashley,Rivera,arivera27@dmoz.org,Indonesia,140.108.187.69,false
81,Virginia,Dunn,vdunn28@illinois.edu,Honduras,204.219.211.81,false
82,Ryan,Diaz,rdiaz29@i2i.jp,Russia,224.190.187.65,false
83,Louise,Jordan,ljordan2a@bandcamp.com,United States,104.13.78.228,true
84,Richard,Johnston,rjohnston2b@behance.net,Tajikistan,181.205.253.178,true
85,Julie,Bennett,jbennett2c@nymag.com,Mongolia,236.135.115.164,true
86,Lillian,Martinez,lmartinez2d@yale.edu,China,26.69.26.111,false
87,Margaret,Frazier,mfrazier2e@ted.com,France,240.159.180.34,true
88,William,Anderson,wanderson2f@timesonline.co.uk,Ireland,59.204.132.170,true
89,Lori,Hunt,lhunt2g@techcrunch.com,Norway,210.97.163.24,true
90,Karen,Mitchell,kmitchell2h@engadget.com,China,60.96.225.221,true
91,Adam,Frazier,afrazier2i@economist.com,Greece,150.202.35.187,true
92,Samuel,Pierce,spierce2j@biblegateway.com,Portugal,202.21.182.78,true
93,Ryan,Mendoza,rmendoza2k@un.org,Nigeria,66.146.107.24,true
94,Billy,Harrison,bharrison2l@theglobeandmail.com,China,120.63.33.110,true
95,Aaron,Boyd,aboyd2m@europa.eu,Lithuania,2.114.91.235,true
96,Kathryn,Harvey,kharvey2n@constantcontact.com,Chad,199.170.30.252,true
97,Catherine,Murray,cmurray2o@google.com.br,Thailand,250.31.237.96,false
98,Anthony,George,ageorge2p@vistaprint.com,Thailand,34.16.13.22,false
99,Todd,Cunningham,tcunningham2q@altervista.org,China,251.73.24.165,true
100,Melissa,Gilbert,mgilbert2r@army.mil,Canada,74.216.221.60,false
101,Joyce,Grant,jgrant2s@berkeley.edu,China,235.107.195.101,true
102,Willie,Gutierrez,wgutierrez2t@ifeng.com,Guatemala,30.65.251.196,false
103,Ruby,Riley,rriley2u@latimes.com,China,23.151.8.237,true
104,Terry,Rose,trose2v@forbes.com,China,253.248.45.155,false
105,Phyllis,Chavez,pchavez2w@jugem.jp,Hungary,248.218.226.37,true
106,Jennifer,Elliott,jelliott2x@loc.gov,China,233.99.190.74,false
107,Kimberly,Reid,kreid2y@wikimedia.org,Croatia,125.30.175.119,true
108,Todd,Clark,tclark2z@java.com,China,32.172.87.152,true
109,Jason,Powell,jpowell30@symantec.com,Yemen,38.131.81.181,false
110,Fred,Owens,fowens31@virginia.edu,China,157.82.62.51,true
111,Nicholas,Roberts,nroberts32@boston.com,Indonesia,243.234.41.230,false
112,Paul,Reynolds,preynolds33@earthlink.net,Portugal,253.220.53.160,false
113,Heather,Ortiz,hortiz34@yellowbook.com,China,82.251.194.98,false
114,Patricia,Murphy,pmurphy35@tumblr.com,Indonesia,50.199.239.106,false
115,Barbara,Ford,bford36@lulu.com,Portugal,216.180.197.242,false
116,Joshua,Dean,jdean37@indiatimes.com,Jamaica,209.109.47.49,true
117,Paul,Nichols,pnichols38@buzzfeed.com,France,175.254.157.94,false
118,Howard,Henderson,hhenderson39@ustream.tv,Thailand,18.169.189.84,true
119,Russell,Simmons,rsimmons3a@webmd.com,Ecuador,154.58.103.231,true
120,Philip,Williams,pwilliams3b@hhs.gov,France,131.177.52.191,false
121,Laura,Fisher,lfisher3c@amazon.com,Mexico,198.177.238.1,true
122,Victor,Banks,vbanks3d@netscape.com,Indonesia,218.47.130.7,false
123,Amy,Elliott,aelliott3e@cnet.com,Sweden,94.238.222.224,false
124,Irene,Castillo,icastillo3f@webeden.co.uk,Russia,82.54.99.49,false
125,Ronald,Richardson,rrichardson3g@youtube.com,China,161.249.108.38,true
126,Philip,Flores,pflores3h@blogger.com,Peru,83.6.150.118,true
127,Elizabeth,Lane,elane3i@microsoft.com,Bolivia,164.21.191.145,true
128,Jacqueline,Morgan,jmorgan3j@bbb.org,Philippines,93.242.26.170,true
129,Terry,Williamson,twilliamson3k@webs.com,China,251.2.155.146,true
130,Jeffrey,Sanchez,jsanchez3l@nyu.edu,Germany,190.189.79.196,true
131,David,Reed,dreed3m@123-reg.co.uk,China,185.20.26.234,false
132,Joyce,Olson,jolson3n@spotify.com,Colombia,61.246.218.11,false
133,Cynthia,Rivera,crivera3o@netlog.com,Indonesia,16.32.214.235,false
134,Paula,Frazier,pfrazier3p@twitpic.com,Poland,228.99.145.121,false
135,Robert,Myers,rmyers3q@storify.com,France,201.44.164.202,true
136,Willie,Ellis,wellis3r@ask.com,Brazil,235.139.104.2,true
137,Barbara,Price,bprice3s@nyu.edu,Indonesia,162.61.99.162,false
138,Aaron,Dean,adean3t@canalblog.com,China,252.152.222.136,true
139,Christopher,Brooks,cbrooks3u@pagesperso-orange.fr,Poland,24.78.105.81,true
140,Jean,Stone,jstone3v@google.ca,Poland,167.100.225.43,false
141,Jesse,Snyder,jsnyder3w@examiner.com,Jordan,112.64.82.171,true
142,Arthur,Chapman,achapman3x@army.mil,Latvia,102.237.139.240,true
143,Louis,Williams,lwilliams3y@amazon.co.uk,Thailand,16.166.2.209,true
144,Bonnie,Hicks,bhicks3z@ustream.tv,United States,118.236.248.176,false
145,Helen,Jacobs,hjacobs40@usatoday.com,France,90.157.53.129,false
146,Sharon,Vasquez,svasquez41@angelfire.com,China,130.249.144.38,true
147,Mildred,Nichols,mnichols42@chicagotribune.com,Cuba,174.27.38.50,false
148,Doris,Jacobs,djacobs43@elpais.com,Brazil,121.62.83.80,true
149,Antonio,Flores,aflores44@odnoklassniki.ru,Philippines,55.105.168.188,true
150,Edward,Hart,ehart45@tamu.edu,China,240.122.245.106,false
151,Philip,Robinson,probinson46@bizjournals.com,Indonesia,113.198.200.207,false
152,Michael,Elliott,melliott47@upenn.edu,Indonesia,114.165.200.87,false
153,Lillian,Castillo,lcastillo48@barnesandnoble.com,Honduras,123.57.123.16,true
154,Anne,Hicks,ahicks49@harvard.edu,China,50.27.156.98,true
155,John,Ryan,jryan4a@networksolutions.com,China,141.45.28.159,true
156,Louis,Willis,lwillis4b@zimbio.com,Tunisia,100.105.135.242,true
157,Randy,Morris,rmorris4c@themeforest.net,Brazil,217.226.147.235,false
158,Clarence,Evans,cevans4d@scientificamerican.com,Philippines,161.211.4.79,false
159,Todd,Black,tblack4e@squidoo.com,Portugal,224.15.110.95,true
160,Nicole,Greene,ngreene4f@fc2.com,Brazil,56.8.114.143,true
161,Doris,Hernandez,dhernandez4g@themeforest.net,Palestinian Territory,189.182.20.61,true
162,Helen,Jackson,hjackson4h@acquirethisname.com,Indonesia,93.105.80.247,false
163,Richard,Little,rlittle4i@moonfruit.com,Portugal,180.213.48.197,true
164,Joseph,Peterson,jpeterson4j@reverbnation.com,Philippines,48.172.114.105,false
165,Brenda,Fowler,bfowler4k@elegantthemes.com,China,33.55.73.19,true
166,Jose,Frazier,jfrazier4l@elpais.com,Nigeria,26.86.34.191,true
167,Gloria,Davis,gdavis4m@oracle.com,Poland,81.103.80.228,true
168,Phillip,Armstrong,parmstrong4n@tamu.edu,Kazakhstan,249.112.28.87,true
169,Stephen,Marshall,smarshall4o@pen.io,France,137.49.152.187,true
170,Rachel,Diaz,rdiaz4p@zdnet.com,Indonesia,3.183.52.248,true
171,Wayne,Stone,wstone4q@youtube.com,Guatemala,195.75.189.202,true
172,Gerald,Tucker,gtucker4r@ehow.com,Cambodia,56.192.42.227,true
173,Carol,Nichols,cnichols4s@issuu.com,United States,216.170.37.190,false
174,Bobby,Butler,bbutler4t@marketwatch.com,Indonesia,252.106.250.108,false
175,Gary,Gonzalez,ggonzalez4u@china.com.cn,China,233.173.133.57,true
176,Bobby,Richardson,brichardson4v@yolasite.com,Colombia,53.236.67.215,false
177,Judy,Gilbert,jgilbert4w@ucoz.com,China,125.101.253.235,false
178,Sarah,Romero,sromero4x@dailymail.co.uk,Thailand,254.224.90.125,false
179,Michelle,Ellis,mellis4y@prnewswire.com,Sweden,237.11.39.132,true
180,Pamela,Arnold,parnold4z@usgs.gov,Philippines,114.56.169.217,true
181,Kevin,Hawkins,khawkins50@amazon.com,Indonesia,83.221.157.21,true
182,Carl,Gibson,cgibson51@tinyurl.com,Angola,71.197.148.247,true
183,Kathryn,Ryan,kryan52@hatena.ne.jp,Nicaragua,212.47.22.252,false
184,Joe,Hicks,jhicks53@booking.com,Canada,81.11.47.251,true
185,Jennifer,Reyes,jreyes54@soup.io,Sweden,159.64.113.181,false
186,Aaron,Murray,amurray55@go.com,China,151.144.109.255,false
187,Eugene,Hudson,ehudson56@columbia.edu,Serbia,97.136.169.234,true
188,Craig,Harris,charris57@sohu.com,Trinidad and Tobago,188.95.234.227,false
189,Kelly,Hart,khart58@dmoz.org,Nigeria,126.183.18.120,true
190,Katherine,Turner,kturner59@wordpress.com,Indonesia,140.15.199.218,true
191,Helen,Roberts,hroberts5a@fotki.com,Indonesia,156.26.198.18,false
192,Douglas,Marshall,dmarshall5b@vk.com,Philippines,43.141.174.101,false
193,Robert,Reyes,rreyes5c@hhs.gov,Botswana,183.52.53.25,true
194,Fred,Simmons,fsimmons5d@instagram.com,Sweden,168.124.123.231,true
195,Patricia,Jones,pjones5e@feedburner.com,Kenya,201.208.8.15,false
196,Debra,Schmidt,dschmidt5f@bizjournals.com,France,42.61.85.82,false
197,Debra,Ferguson,dferguson5g@joomla.org,South Africa,198.229.41.118,true
198,Cheryl,Mills,cmills5h@census.gov,France,145.3.17.228,true
199,Joyce,Kennedy,jkennedy5i@storify.com,Tunisia,191.123.167.75,true
200,Samuel,Murray,smurray5j@storify.com,Indonesia,111.52.196.200,false
201,Diane,Hayes,dhayes5k@simplemachines.org,Russia,133.56.73.206,false
202,Sean,Young,syoung5l@mediafire.com,China,150.4.110.68,false
203,William,Collins,wcollins5m@webnode.com,Sudan,213.217.6.168,true
204,Ryan,Reynolds,rreynolds5n@china.com.cn,Armenia,165.24.87.25,false
205,Stephen,Cox,scox5o@naver.com,Armenia,41.227.222.135,false
206,Lisa,Stephens,lstephens5p@about.com,Brazil,67.105.113.38,false
207,Albert,Mitchell,amitchell5q@google.fr,Philippines,201.142.140.188,false
208,Maria,Boyd,mboyd5r@ifeng.com,Philippines,121.108.40.21,false
209,Jerry,Mitchell,jmitchell5s@fastcompany.com,Czech Republic,196.5.220.84,false
210,Tina,Moore,tmoore5t@un.org,Bosnia and Herzegovina,73.28.84.76,true
211,Evelyn,Gutierrez,egutierrez5u@flavors.me,Morocco,131.22.124.217,false
212,Kathleen,Johnston,kjohnston5v@psu.edu,Finland,119.203.146.9,false
213,Matthew,Griffin,mgriffin5w@hhs.gov,Indonesia,224.158.253.205,false
214,Betty,Lopez,blopez5x@phpbb.com,Uganda,176.60.114.149,false
215,Jessica,Howell,jhowell5y@qq.com,China,96.187.138.110,true
216,Ruby,Lawrence,rlawrence5z@guardian.co.uk,Cuba,17.144.71.51,false
217,Laura,Harvey,lharvey60@i2i.jp,Sweden,113.248.6.74,false
218,Juan,Jackson,jjackson61@arizona.edu,China,159.226.170.194,false
219,Andrew,Myers,amyers62@businessweek.com,Poland,65.80.23.184,true
220,Sean,Anderson,sanderson63@barnesandnoble.com,Sweden,92.204.234.118,true
221,Diane,Stevens,dstevens64@dyndns.org,Indonesia,197.215.31.126,false
222,Ryan,Rogers,rrogers65@usa.gov,Indonesia,168.83.16.116,true
223,Jessica,Meyer,jmeyer66@google.nl,Nicaragua,101.237.62.85,false
224,Kelly,Clark,kclark67@cisco.com,Brazil,191.48.193.161,true
225,Melissa,Alexander,malexander68@xinhuanet.com,Indonesia,205.63.128.219,false
226,Jimmy,Hicks,jhicks69@godaddy.com,Russia,150.41.23.60,false
227,Anne,Holmes,aholmes6a@pcworld.com,China,201.23.219.139,true
228,Joe,Washington,jwashington6b@about.com,Poland,168.69.15.240,false
229,Marilyn,Jacobs,mjacobs6c@zimbio.com,Indonesia,185.116.199.2,false
230,Maria,Kim,mkim6d@opera.com,Honduras,106.209.226.197,false
231,Melissa,Marshall,mmarshall6e@zimbio.com,China,40.121.213.94,true
232,Carlos,Carpenter,ccarpenter6f@domainmarket.com,Venezuela,206.172.18.236,false
233,Ruth,Howell,rhowell6g@sohu.com,China,236.149.77.6,true
234,Debra,Mitchell,dmitchell6h@comsenz.com,Albania,17.68.191.62,false
235,Mark,Fuller,mfuller6i@state.gov,United States,135.247.176.79,true
236,Maria,Morris,mmorris6j@cbslocal.com,Netherlands,41.127.163.0,true
237,Phyllis,Owens,powens6k@oakley.com,China,136.164.188.19,false
238,Kathleen,Hayes,khayes6l@i2i.jp,Bolivia,91.149.89.237,true
239,Louis,Simmons,lsimmons6m@chronoengine.com,Mexico,141.44.145.96,false
240,Brandon,Rogers,brogers6n@spiegel.de,Indonesia,96.183.213.201,true
241,Ryan,Lawson,rlawson6o@github.com,China,137.32.245.34,false
242,Robert,Coleman,rcoleman6p@posterous.com,Portugal,154.12.159.115,false
243,Robert,Kim,rkim6q@blogger.com,Poland,70.200.50.134,false
244,Lawrence,Reynolds,lreynolds6r@nih.gov,Mexico,97.182.71.140,true
245,Edward,Rogers,erogers6s@vk.com,China,44.216.52.113,true
246,Joyce,Berry,jberry6t@geocities.jp,Russia,162.94.182.213,true
247,Andrea,Cruz,acruz6u@marketwatch.com,Japan,245.35.173.151,true
248,Robert,Holmes,rholmes6v@prnewswire.com,Mexico,192.66.8.102,true
249,Carol,Peters,cpeters6w@cyberchimps.com,Malawi,137.239.227.216,false
250,Lori,Roberts,lroberts6x@example.com,Pakistan,107.8.243.225,false
251,Aaron,Dunn,adunn6y@so-net.ne.jp,Honduras,134.132.231.161,true
252,Raymond,Lynch,rlynch6z@ftc.gov,Vietnam,58.247.190.141,true
253,Carl,Murphy,cmurphy70@illinois.edu,China,79.212.43.49,true
254,Carolyn,Ellis,cellis71@scientificamerican.com,Kazakhstan,161.11.96.236,true
255,Carolyn,Sims,csims72@huffingtonpost.com,China,223.229.169.197,false
256,Wayne,Gilbert,wgilbert73@hc360.com,Indonesia,242.79.225.229,true
257,Julia,Scott,jscott74@typepad.com,Indonesia,122.251.156.222,true
258,Jane,Warren,jwarren75@sphinn.com,Sweden,238.82.239.102,true
259,Judy,Peterson,jpeterson76@prnewswire.com,Poland,219.108.220.178,true
260,Ronald,Schmidt,rschmidt77@chron.com,Poland,202.166.121.65,false
261,Theresa,Martin,tmartin78@etsy.com,Brazil,163.35.35.152,true
262,Rose,Richards,rrichards79@1688.com,Indonesia,163.32.175.49,false
263,William,Holmes,wholmes7a@moonfruit.com,Russia,70.205.91.189,true
264,Raymond,Flores,rflores7b@wikimedia.org,Poland,98.134.75.209,true
265,Bobby,Rogers,brogers7c@umn.edu,Vietnam,212.251.87.179,false
266,James,Bell,jbell7d@buzzfeed.com,Argentina,20.4.179.201,true
267,Judy,Andrews,jandrews7e@archive.org,China,201.177.210.237,false
268,Virginia,Moreno,vmoreno7f@uol.com.br,Brazil,209.233.129.68,true
269,Wanda,Woods,wwoods7g@chronoengine.com,Russia,235.2.163.52,true
270,Harry,Tucker,htucker7h@soup.io,Indonesia,27.7.212.139,false
271,Steve,Ward,sward7i@a8.net,Indonesia,163.208.248.102,true
272,Eugene,Welch,ewelch7j@skyrock.com,Indonesia,138.141.88.182,true
273,Lawrence,Evans,levans7k@rambler.ru,Brazil,90.242.20.215,true
274,Michelle,Lopez,mlopez7l@goo.gl,France,222.115.178.188,false
275,Keith,Sullivan,ksullivan7m@vistaprint.com,Sierra Leone,226.127.240.148,false
276,Albert,Rivera,arivera7n@elegantthemes.com,Brazil,248.17.154.247,true
277,Willie,Ross,wross7o@ezinearticles.com,China,194.54.90.84,false
278,Albert,Cook,acook7p@theglobeandmail.com,Sweden,64.249.161.164,false
279,Teresa,Martinez,tmartinez7q@netlog.com,Russia,124.207.125.166,false
280,Andrew,Warren,awarren7r@icq.com,Colombia,15.53.76.125,false
281,Janice,Hawkins,jhawkins7s@last.fm,China,40.26.72.186,true
282,Gary,Howell,ghowell7t@netvibes.com,Guadeloupe,159.74.247.171,true
283,Janice,Gardner,jgardner7u@example.com,Ukraine,196.30.114.174,true
284,Katherine,Armstrong,karmstrong7v@domainmarket.com,Morocco,210.209.216.194,false
285,Clarence,Cook,ccook7w@fda.gov,Bahamas,72.2.125.209,true
286,Deborah,Romero,dromero7x@taobao.com,China,147.118.69.83,false
287,George,Ferguson,gferguson7y@moonfruit.com,Brazil,220.114.122.252,true
288,Sean,Patterson,spatterson7z@icio.us,China,59.124.0.246,false
289,Dorothy,Bailey,dbailey80@digg.com,Monaco,238.102.237.78,false
290,Anthony,Taylor,ataylor81@yolasite.com,Brazil,144.16.2.79,false
291,Christina,Griffin,cgriffin82@nba.com,Japan,70.202.90.48,false
292,Richard,Bennett,rbennett83@prweb.com,Trinidad and Tobago,246.127.167.52,false
293,Anthony,Arnold,aarnold84@utexas.edu,Ukraine,221.34.91.90,false
294,Jimmy,Butler,jbutler85@purevolume.com,Philippines,138.76.171.156,false
295,Anthony,James,ajames86@ezinearticles.com,Ethiopia,80.84.147.229,false
296,Patricia,Hawkins,phawkins87@independent.co.uk,Russia,32.246.134.51,false
297,Marilyn,Dunn,mdunn88@artisteer.com,Philippines,89.216.128.134,false
298,Janet,Coleman,jcoleman89@yellowbook.com,Indonesia,15.128.165.75,false
299,Ryan,Lee,rlee8a@tumblr.com,Croatia,112.213.130.87,true
300,Kathryn,Jones,kjones8b@bizjournals.com,Syria,134.15.60.30,true
301,Catherine,White,cwhite8c@dyndns.org,Colombia,184.124.150.95,false
302,Lori,Kelley,lkelley8d@purevolume.com,Peru,96.128.254.142,false
303,Christina,Anderson,canderson8e@diigo.com,China,191.147.61.66,true
304,Adam,Anderson,aanderson8f@mapquest.com,Poland,16.36.32.225,true
305,Beverly,King,bking8g@example.com,Ethiopia,63.97.195.88,false
306,Lillian,Allen,lallen8h@lulu.com,Russia,250.17.82.163,false
307,Shirley,Porter,sporter8i@fc2.com,Vietnam,56.81.163.205,true
308,Donald,Alvarez,dalvarez8j@tmall.com,Russia,205.135.188.220,true
309,Jane,Jacobs,jjacobs8k@jigsy.com,Indonesia,201.160.48.82,false
310,Alice,Sullivan,asullivan8l@discovery.com,Colombia,170.240.133.170,false
311,Dorothy,Diaz,ddiaz8m@examiner.com,El Salvador,87.88.221.194,false
312,Andrea,Fowler,afowler8n@godaddy.com,Canada,37.57.138.131,false
313,Daniel,Richards,drichards8o@cnet.com,Vietnam,146.236.141.246,true
314,Laura,Hudson,lhudson8p@dailymotion.com,France,14.198.135.90,true
315,John,Miller,jmiller8q@psu.edu,France,244.157.76.212,false
316,Timothy,Lawson,tlawson8r@netscape.com,Indonesia,214.6.104.103,false
317,Randy,James,rjames8s@virginia.edu,Bosnia and Herzegovina,9.235.156.185,false
318,Roger,Stevens,rstevens8t@php.net,Indonesia,93.145.76.36,false
319,Linda,Gardner,lgardner8u@etsy.com,China,76.196.90.42,false
320,Philip,Thomas,pthomas8v@netvibes.com,Afghanistan,180.0.238.207,false
321,Wayne,Shaw,wshaw8w@freewebs.com,Philippines,65.225.237.201,true
322,Ruby,Ferguson,rferguson8x@mapy.cz,Macedonia,210.205.179.152,true
323,Carl,Ramirez,cramirez8y@ucla.edu,Mongolia,166.21.88.54,false
324,Gloria,Simmons,gsimmons8z@zimbio.com,China,47.77.191.163,true
325,Debra,Wheeler,dwheeler90@hexun.com,Yemen,156.57.113.245,true
326,Joseph,Meyer,jmeyer91@squarespace.com,Philippines,105.150.197.110,true
327,Joan,Jones,jjones92@ustream.tv,Mali,36.121.42.166,true
328,Janice,Carroll,jcarroll93@deliciousdays.com,Sweden,179.64.221.7,true
329,Lois,Graham,lgraham94@acquirethisname.com,Indonesia,253.27.71.108,true
330,Jason,Berry,jberry95@foxnews.com,Brazil,59.4.107.223,true
331,Lisa,Brooks,lbrooks96@google.com,Indonesia,3.177.48.205,true
332,Harold,Roberts,hroberts97@utexas.edu,France,169.166.101.2,false
333,Raymond,Dean,rdean98@loc.gov,Philippines,120.43.192.160,true
334,Gerald,Campbell,gcampbell99@yandex.ru,Chile,10.141.63.193,true
335,Richard,Murray,rmurray9a@prlog.org,Thailand,83.149.155.176,false
336,Jimmy,Cruz,jcruz9b@diigo.com,Russia,87.239.242.112,true
337,Harold,Stephens,hstephens9c@123-reg.co.uk,Russia,126.139.88.204,true
338,Howard,Hansen,hhansen9d@oakley.com,Chad,109.227.183.192,true
339,Terry,Hernandez,thernandez9e@bloomberg.com,Netherlands,14.56.11.164,true
340,Karen,Lopez,klopez9f@weebly.com,China,223.245.219.64,true
341,Cheryl,Montgomery,cmontgomery9g@nps.gov,Ukraine,59.187.80.251,true
342,Virginia,Perkins,vperkins9h@washington.edu,Indonesia,40.32.95.187,true
343,Thomas,Bennett,tbennett9i@smh.com.au,Paraguay,112.12.187.181,false
344,Daniel,Bell,dbell9j@yellowpages.com,Ukraine,250.173.151.124,true
345,Julie,Rodriguez,jrodriguez9k@barnesandnoble.com,Sweden,194.155.149.47,false
346,Joshua,Andrews,jandrews9l@domainmarket.com,Iran,140.1.190.127,false
347,Roy,Ryan,rryan9m@toplist.cz,Japan,228.2.5.85,true
348,Jesse,Lewis,jlewis9n@yellowpages.com,Nigeria,102.233.198.240,true
349,Michael,Wells,mwells9o@360.cn,Russia,229.65.244.159,false
350,Doris,Bradley,dbradley9p@bbc.co.uk,Russia,100.0.5.47,true
351,Marilyn,Frazier,mfrazier9q@businessweek.com,Indonesia,177.58.252.197,true
352,Raymond,Lawrence,rlawrence9r@cargocollective.com,China,29.2.3.177,false
353,Teresa,Powell,tpowell9s@odnoklassniki.ru,Afghanistan,163.179.127.54,true
354,Amanda,Moreno,amoreno9t@dedecms.com,Indonesia,91.135.133.232,false
355,Ann,Hawkins,ahawkins9u@parallels.com,Afghanistan,23.33.108.117,true
356,Judith,Howard,jhoward9v@europa.eu,Indonesia,71.133.85.145,false
357,Keith,Hudson,khudson9w@dagondesign.com,Suriname,163.200.62.146,false
358,William,Fox,wfox9x@amazonaws.com,Philippines,95.24.245.190,false
359,Ernest,Dean,edean9y@odnoklassniki.ru,Greece,48.23.158.85,true
360,Billy,Harris,bharris9z@sfgate.com,Argentina,206.164.200.8,false
361,Russell,Peterson,rpetersona0@theglobeandmail.com,Iran,102.12.237.68,true
362,Clarence,Bradley,cbradleya1@theglobeandmail.com,United States,94.181.87.162,true
363,David,Kelley,dkelleya2@sitemeter.com,China,228.60.41.190,true
364,Walter,Palmer,wpalmera3@tinyurl.com,Belarus,22.225.177.203,false
365,Evelyn,Simmons,esimmonsa4@buzzfeed.com,Malta,187.128.227.109,false
366,Roy,Frazier,rfraziera5@networkadvertising.org,Germany,196.155.25.17,true
367,Catherine,Young,cyounga6@bigcartel.com,France,22.97.205.197,true
368,Russell,Lane,rlanea7@nature.com,Poland,83.102.230.127,false
369,Harry,Hayes,hhayesa8@nationalgeographic.com,Ukraine,140.209.152.55,false
370,Martha,Franklin,mfranklina9@trellian.com,China,99.205.128.237,true
371,Sara,Nelson,snelsonaa@hud.gov,Spain,151.76.69.15,false
372,Patricia,Dixon,pdixonab@meetup.com,China,42.164.77.52,false
373,Ronald,Fowler,rfowlerac@zdnet.com,Japan,208.198.119.229,false
374,Doris,Diaz,ddiazad@comcast.net,Japan,17.80.51.235,false
375,Kelly,Cole,kcoleae@lycos.com,Ukraine,60.1.7.165,true
376,Jonathan,Cunningham,jcunninghamaf@house.gov,Tajikistan,100.229.55.178,false
377,Alan,Richards,arichardsag@blogger.com,Brazil,240.250.150.146,true
378,Emily,Carter,ecarterah@ow.ly,Sweden,83.36.123.214,false
379,Michelle,Garrett,mgarrettai@weebly.com,Cameroon,119.146.169.65,true
380,Robert,Stephens,rstephensaj@cloudflare.com,China,32.205.199.6,false
381,Ruby,Ramirez,rramirezak@noaa.gov,Sweden,34.162.252.89,true
382,Craig,Hicks,chicksal@gmpg.org,China,1.29.67.248,true
383,Joe,Burns,jburnsam@uol.com.br,Mongolia,76.36.177.168,false
384,Jeffrey,Cook,jcookan@twitpic.com,Albania,9.164.108.104,false
385,Paul,Rivera,priveraao@so-net.ne.jp,Lithuania,210.36.83.250,false
386,Joan,White,jwhiteap@dailymail.co.uk,Indonesia,10.7.113.200,true
387,Michelle,White,mwhiteaq@goodreads.com,Philippines,36.48.29.161,false
388,Elizabeth,Gonzales,egonzalesar@twitpic.com,Portugal,137.246.175.80,true
389,Carl,Lane,claneas@mlb.com,France,34.216.208.242,true
390,Amy,Franklin,afranklinat@discovery.com,Tanzania,89.165.69.214,false
391,Jack,Frazier,jfrazierau@tumblr.com,Indonesia,221.62.226.114,false
392,Norma,Perry,nperryav@google.nl,Guatemala,45.153.13.151,false
393,Judith,Chavez,jchavezaw@soundcloud.com,China,142.54.188.158,false
394,Laura,Wood,lwoodax@bizjournals.com,Poland,255.143.122.183,false
395,Emily,Perkins,eperkinsay@prnewswire.com,Chile,205.96.134.220,false
396,Terry,Boyd,tboydaz@domainmarket.com,China,173.21.140.149,true
397,Roy,Fuller,rfullerb0@reddit.com,Indonesia,174.73.11.141,true
398,Michael,Simmons,msimmonsb1@freewebs.com,China,223.224.79.249,false
399,Mildred,King,mkingb2@ebay.com,Indonesia,117.106.109.91,false
400,Michael,Gordon,mgordonb3@chronoengine.com,Japan,46.229.209.247,false
401,Gloria,Hill,ghillb4@cam.ac.uk,Japan,64.44.67.213,false
402,Linda,Anderson,landersonb5@newyorker.com,Azerbaijan,235.74.31.151,false
403,Philip,Young,pyoungb6@unblog.fr,Brazil,55.198.175.182,true
404,Evelyn,Allen,eallenb7@spiegel.de,Philippines,240.22.170.134,true
405,Jacqueline,Howell,jhowellb8@desdev.cn,Morocco,19.20.206.74,true
406,Lisa,Mills,lmillsb9@businessweek.com,Honduras,184.128.152.69,false
407,Emily,Bishop,ebishopba@imageshack.us,China,247.190.214.178,true
408,Helen,Garrett,hgarrettbb@nba.com,Indonesia,31.55.36.201,true
409,Gerald,Brown,gbrownbc@technorati.com,Papua New Guinea,27.149.69.15,true
410,Wayne,Hicks,whicksbd@flickr.com,Indonesia,197.8.88.104,true
411,Michelle,Hall,mhallbe@ezinearticles.com,China,40.209.165.8,true
412,Joan,Jacobs,jjacobsbf@admin.ch,China,54.195.201.236,true
413,Kimberly,Davis,kdavisbg@mapquest.com,China,24.66.102.233,false
414,Anna,Moreno,amorenobh@gnu.org,Azerbaijan,70.244.11.203,true
415,Janice,Moreno,jmorenobi@drupal.org,Andorra,39.17.191.147,true
416,Jessica,Stone,jstonebj@indiatimes.com,Namibia,160.210.193.83,true
417,Adam,Burton,aburtonbk@tiny.cc,Brazil,39.190.54.49,true
418,Carol,Meyer,cmeyerbl@sohu.com,Brazil,77.141.119.99,false
419,Donald,Martinez,dmartinezbm@opera.com,Russia,82.93.182.94,false
420,Martin,Stevens,mstevensbn@google.fr,Russia,74.5.173.62,true
421,Ernest,George,egeorgebo@lycos.com,China,99.65.9.189,true
422,Walter,Fields,wfieldsbp@ucoz.com,Argentina,185.252.105.120,true
423,Lisa,Hamilton,lhamiltonbq@geocities.jp,Sweden,253.134.112.164,false
424,Louis,George,lgeorgebr@odnoklassniki.ru,Mexico,243.137.122.4,false
425,Shirley,Walker,swalkerbs@purevolume.com,Peru,196.199.92.238,false
426,Joshua,Ross,jrossbt@patch.com,Philippines,47.153.131.51,true
427,Kelly,Hayes,khayesbu@wufoo.com,Vietnam,242.150.9.15,false
428,Steven,Oliver,soliverbv@angelfire.com,Indonesia,146.56.208.162,false
429,Karen,Hunter,khunterbw@mediafire.com,Ukraine,121.208.126.70,true
430,Mark,Bennett,mbennettbx@theglobeandmail.com,Benin,212.105.204.193,true
431,Tina,Ray,trayby@webmd.com,Portugal,145.31.252.238,true
432,Marie,Bishop,mbishopbz@exblog.jp,Egypt,250.250.175.31,false
433,Mark,Reynolds,mreynoldsc0@elpais.com,Mozambique,83.147.222.2,false
434,Christopher,Lee,cleec1@walmart.com,Poland,212.73.227.24,true
435,Melissa,Boyd,mboydc2@youku.com,Brazil,118.127.8.152,true
436,Jacqueline,Oliver,joliverc3@sphinn.com,Vietnam,164.50.59.221,false
437,Gerald,Mason,gmasonc4@ocn.ne.jp,United States,243.10.218.210,false
438,Joseph,Knight,jknightc5@pbs.org,China,150.95.131.247,true
439,Joshua,Ray,jrayc6@nih.gov,Serbia,137.108.34.121,false
440,Aaron,Fernandez,afernandezc7@delicious.com,Philippines,113.5.5.43,false
441,Kenneth,Frazier,kfrazierc8@exblog.jp,Serbia,149.118.224.243,true
442,Scott,Williamson,swilliamsonc9@i2i.jp,Brazil,126.55.193.24,false
443,Lois,Harvey,lharveyca@addtoany.com,Indonesia,164.251.146.144,true
444,Cheryl,Williams,cwilliamscb@t-online.de,Russia,7.15.221.84,true
445,Jean,Berry,jberrycc@shinystat.com,China,111.170.127.55,true
446,Bonnie,Larson,blarsoncd@storify.com,China,225.113.28.114,true
447,Bruce,Lopez,blopezce@canalblog.com,Brazil,32.130.48.82,false
448,James,Ellis,jelliscf@hao123.com,Ireland,178.190.131.134,false
449,Dorothy,Nguyen,dnguyencg@fc2.com,Russia,200.134.158.246,false
450,Bobby,Watson,bwatsonch@friendfeed.com,China,169.230.241.175,false
451,Andrea,Greene,agreeneci@elpais.com,Lithuania,114.22.92.124,true
452,Andrea,Phillips,aphillipscj@creativecommons.org,China,65.22.122.36,true
453,Denise,Gardner,dgardnerck@prnewswire.com,Czech Republic,69.142.252.130,true
454,Linda,Reed,lreedcl@cmu.edu,Indonesia,177.121.143.54,true
455,Wanda,Fuller,wfullercm@netvibes.com,Czech Republic,9.61.79.114,false
456,Richard,Payne,rpaynecn@i2i.jp,Czech Republic,98.65.191.247,true
457,Annie,Flores,afloresco@bandcamp.com,France,59.223.183.157,true
458,Jesse,Porter,jportercp@army.mil,Philippines,143.35.121.247,true
459,Kimberly,Griffin,kgriffincq@answers.com,France,41.79.136.139,false
460,Kathryn,Gonzalez,kgonzalezcr@washington.edu,North Korea,242.123.89.252,true
461,Douglas,Ellis,delliscs@va.gov,Russia,235.34.83.254,true
462,Sandra,Hall,shallct@wunderground.com,Portugal,40.190.138.74,true
463,Marilyn,Castillo,mcastillocu@si.edu,Philippines,157.48.183.135,true
464,Emily,Ortiz,eortizcv@bravesites.com,Armenia,141.38.45.31,true
465,Nancy,Little,nlittlecw@gov.uk,Malaysia,27.97.12.50,false
466,Chris,Gardner,cgardnercx@sakura.ne.jp,Poland,3.66.90.134,true
467,Anna,Payne,apaynecy@chicagotribune.com,Gabon,151.215.224.65,false
468,Sean,Wells,swellscz@phpbb.com,Bhutan,144.131.141.233,true
469,Tammy,Crawford,tcrawfordd0@zdnet.com,Pakistan,245.207.236.124,false
470,Ronald,Frazier,rfrazierd1@myspace.com,South Africa,208.23.86.131,false
471,Kelly,Woods,kwoodsd2@patch.com,Palestinian Territory,77.195.125.181,false
472,Philip,Cole,pcoled3@technorati.com,Russia,196.82.11.101,false
473,Martha,Lee,mleed4@fastcompany.com,Belarus,91.50.106.223,true
474,Ruth,Cunningham,rcunninghamd5@reverbnation.com,Portugal,105.255.242.195,true
475,Donna,Shaw,dshawd6@skyrock.com,China,243.16.98.9,true
476,Sean,Webb,swebbd7@forbes.com,Philippines,33.56.254.173,false
477,Louise,Hall,lhalld8@bloglovin.com,Russia,127.151.175.113,true
478,Joe,Howell,jhowelld9@seattletimes.com,Finland,26.189.73.171,true
479,Sarah,Wallace,swallaceda@bloglovin.com,Argentina,162.236.255.126,false
480,Kimberly,Banks,kbanksdb@wired.com,Nigeria,41.85.200.184,true
481,Ruby,Daniels,rdanielsdc@sourceforge.net,China,79.23.84.237,true
482,Lisa,Ferguson,lfergusondd@nba.com,Colombia,96.126.93.103,false
483,Victor,Bailey,vbaileyde@dailymotion.com,Syria,26.192.186.134,true
484,Scott,Ortiz,sortizdf@twitter.com,Indonesia,12.80.206.84,false
485,Annie,Harris,aharrisdg@yellowpages.com,Mauritius,9.120.213.254,false
486,Phyllis,Allen,pallendh@blogtalkradio.com,Russia,202.253.86.255,true
487,Jose,Fernandez,jfernandezdi@tmall.com,Netherlands,200.248.123.14,true
488,Jane,Dixon,jdixondj@apple.com,Mexico,78.130.209.152,true
489,Karen,Perry,kperrydk@ft.com,Croatia,130.120.216.222,true
490,Rose,Little,rlittledl@51.la,China,153.93.196.134,true
491,Johnny,Crawford,jcrawforddm@1und1.de,China,39.215.139.87,true
492,Jean,Burns,jburnsdn@posterous.com,Norway,149.118.244.109,false
493,Dennis,Webb,dwebbdo@1und1.de,Mexico,54.89.42.44,true
494,Joseph,Bennett,jbennettdp@geocities.com,Mexico,254.141.171.19,true
495,Evelyn,Shaw,eshawdq@canalblog.com,Morocco,158.153.252.189,true
496,Johnny,Morris,jmorrisdr@vkontakte.ru,Honduras,82.152.129.236,true
497,Rose,Green,rgreends@1688.com,Poland,92.61.39.197,false
498,John,Olson,jolsondt@blog.com,Poland,82.38.198.118,true
499,Sharon,Payne,spaynedu@booking.com,China,20.154.116.133,false
500,Mary,Banks,mbanksdv@ucla.edu,Colombia,242.235.175.236,false
501,Eric,Evans,eevansdw@squarespace.com,Albania,83.185.68.69,false
502,Ruby,Welch,rwelchdx@cam.ac.uk,Sweden,254.162.6.199,true
503,Teresa,Mills,tmillsdy@telegraph.co.uk,China,9.56.61.200,false
504,Wanda,Spencer,wspencerdz@nps.gov,Thailand,133.195.228.233,false
505,Amy,Garza,agarzae0@bandcamp.com,Poland,35.240.39.78,true
506,Brandon,Porter,bportere1@tripadvisor.com,China,11.193.25.52,false
507,Chris,Dixon,cdixone2@linkedin.com,Poland,194.171.140.82,true
508,Mark,Holmes,mholmese3@independent.co.uk,China,211.70.59.106,true
509,Christopher,Mccoy,cmccoye4@blogs.com,Poland,225.122.2.249,false
510,Amanda,Hamilton,ahamiltone5@jigsy.com,China,120.23.213.152,true
511,Barbara,Olson,bolsone6@indiegogo.com,Mongolia,161.89.55.38,false
512,Ruby,Payne,rpaynee7@springer.com,Croatia,201.37.244.127,true
513,Gary,Moore,gmooree8@seattletimes.com,France,16.98.206.25,true
514,Jessica,Mitchell,jmitchelle9@disqus.com,Russia,91.108.151.229,false
515,Carlos,Hamilton,chamiltonea@mapy.cz,China,181.0.227.64,false
516,Mildred,Harris,mharriseb@mapquest.com,Grenada,5.51.22.43,true
517,Patrick,Watkins,pwatkinsec@wikispaces.com,Russia,220.246.120.151,false
518,Jacqueline,Bradley,jbradleyed@springer.com,Dominican Republic,117.61.52.17,true
519,Richard,Stevens,rstevensee@domainmarket.com,Ukraine,156.125.146.44,true
520,Jean,Lynch,jlynchef@umich.edu,Bosnia and Herzegovina,131.232.101.126,false
521,Anne,Watson,awatsoneg@lulu.com,Netherlands,19.105.149.101,true
522,Nicole,Stanley,nstanleyeh@illinois.edu,Sweden,91.17.72.3,false
523,Juan,Hayes,jhayesei@adobe.com,Czech Republic,75.18.81.177,true
524,Daniel,Henderson,dhendersonej@engadget.com,Morocco,92.126.231.158,false
525,Bonnie,Bryant,bbryantek@netvibes.com,China,24.191.239.118,false
526,Robin,Gray,rgrayel@archive.org,Russia,205.22.57.184,false
527,Nicholas,Dean,ndeanem@sciencedaily.com,Russia,22.234.17.48,false
528,Amanda,Bell,abellen@comsenz.com,Peru,49.133.126.113,false
529,Donald,Parker,dparkereo@auda.org.au,France,192.61.6.164,true
530,Ruby,Moreno,rmorenoep@usda.gov,Portugal,57.204.159.255,false
531,Todd,Garza,tgarzaeq@seattletimes.com,Argentina,68.49.217.35,true
532,Patricia,Day,pdayer@usnews.com,Kuwait,130.149.129.168,true
533,Harold,Jordan,hjordanes@virginia.edu,Philippines,35.167.238.67,true
534,Juan,Richardson,jrichardsonet@cmu.edu,Russia,74.184.52.188,false
535,Sean,Hall,shalleu@baidu.com,Cape Verde,72.97.26.193,true
536,Larry,Richardson,lrichardsonev@statcounter.com,Indonesia,246.126.249.202,true
537,Sarah,Clark,sclarkew@fastcompany.com,Russia,14.23.26.202,true
538,Eugene,Nelson,enelsonex@jugem.jp,Peru,33.8.55.102,false
539,Lois,Parker,lparkerey@ning.com,Vietnam,20.2.238.16,true
540,Chris,Rogers,crogersez@businessinsider.com,United States,51.200.52.170,false
541,Craig,Long,clongf0@fda.gov,Czech Republic,212.205.129.43,true
542,Jane,Schmidt,jschmidtf1@goodreads.com,China,250.84.117.185,false
543,James,Gibson,jgibsonf2@ucoz.ru,Venezuela,20.77.132.98,true
544,Roy,Morgan,rmorganf3@furl.net,United States,95.217.51.225,false
545,Alan,Mills,amillsf4@admin.ch,Cuba,162.85.87.78,false
546,Johnny,Howell,jhowellf5@spotify.com,Philippines,192.234.169.84,false
547,Raymond,Howell,rhowellf6@chicagotribune.com,China,141.27.29.152,false
548,Jennifer,Hicks,jhicksf7@wsj.com,France,212.27.62.112,true
549,Raymond,Fernandez,rfernandezf8@netlog.com,Brazil,78.241.253.183,false
550,Christine,Owens,cowensf9@ftc.gov,Indonesia,113.186.131.213,false
551,Irene,Gonzales,igonzalesfa@tumblr.com,Burundi,134.123.42.40,true
552,Roy,Chavez,rchavezfb@illinois.edu,Palestinian Territory,110.6.105.25,true
553,Shawn,Baker,sbakerfc@google.fr,Indonesia,98.88.179.3,false
554,Rose,Martin,rmartinfd@businessinsider.com,Brazil,66.86.213.166,true
555,Theresa,Carr,tcarrfe@mapquest.com,Belarus,105.228.22.84,false
556,Susan,Jenkins,sjenkinsff@canalblog.com,Indonesia,123.202.145.136,false
557,Gloria,Rivera,griverafg@ihg.com,Iran,197.71.234.230,true
558,Alan,Lopez,alopezfh@deviantart.com,Spain,24.16.218.250,true
559,Brandon,Peters,bpetersfi@ebay.com,Philippines,56.125.39.172,false
560,Lisa,Hamilton,lhamiltonfj@nih.gov,China,106.84.138.43,true
561,David,Butler,dbutlerfk@usatoday.com,France,187.61.203.169,false
562,Scott,Jacobs,sjacobsfl@adobe.com,Russia,236.229.39.192,false
563,Kenneth,Alexander,kalexanderfm@pbs.org,Philippines,223.255.14.91,true
564,Louis,Kennedy,lkennedyfn@sun.com,China,20.182.104.210,false
565,Nicholas,Hansen,nhansenfo@com.com,Sierra Leone,21.205.19.118,true
566,Bruce,Peters,bpetersfp@apple.com,Indonesia,233.247.118.8,true
567,Judy,Lawrence,jlawrencefq@cafepress.com,Thailand,221.27.227.240,false
568,Ashley,Ramos,aramosfr@oakley.com,China,116.3.21.5,true
569,Eugene,Andrews,eandrewsfs@mozilla.org,Denmark,239.140.232.82,true
570,Louis,Wallace,lwallaceft@walmart.com,Philippines,198.191.160.219,true
571,Jimmy,Black,jblackfu@printfriendly.com,China,240.152.220.139,true
572,Shawn,Watkins,swatkinsfv@canalblog.com,Indonesia,133.92.56.183,true
573,Amy,Turner,aturnerfw@posterous.com,Ukraine,160.138.72.147,true
574,Joan,Bowman,jbowmanfx@blogs.com,Sweden,122.84.65.44,true
575,Aaron,Hunt,ahuntfy@spiegel.de,Philippines,237.61.4.89,true
576,Angela,Franklin,afranklinfz@acquirethisname.com,Madagascar,141.201.159.195,false
577,Nancy,Armstrong,narmstrongg0@wordpress.org,Brazil,193.181.124.24,true
578,Billy,Alvarez,balvarezg1@friendfeed.com,Uzbekistan,181.122.226.206,false
579,Peter,Cruz,pcruzg2@jiathis.com,Indonesia,222.251.137.251,true
580,Julie,Porter,jporterg3@cafepress.com,France,24.168.142.178,false
581,Wanda,Cole,wcoleg4@geocities.com,Philippines,202.232.252.32,false
582,Mark,Howard,mhowardg5@nhs.uk,China,148.155.237.166,false
583,Amanda,Armstrong,aarmstrongg6@yahoo.com,Jordan,133.181.165.120,true
584,Joyce,Ramirez,jramirezg7@narod.ru,Venezuela,103.105.87.32,false
585,Marie,Olson,molsong8@pcworld.com,Indonesia,172.140.1.63,false
586,Judy,Marshall,jmarshallg9@mayoclinic.com,Guatemala,196.27.246.149,true
587,Ruth,Scott,rscottga@si.edu,Brazil,13.1.26.67,false
588,Matthew,Hill,mhillgb@odnoklassniki.ru,Pakistan,220.204.112.227,true
589,Johnny,Franklin,jfranklingc@pcworld.com,Japan,114.25.224.28,true
590,Carl,Riley,crileygd@tumblr.com,Russia,43.169.184.231,true
591,Jimmy,Freeman,jfreemange@oakley.com,Indonesia,191.24.50.61,true
592,Alan,Rogers,arogersgf@posterous.com,Philippines,62.47.156.80,true
593,Patricia,Nguyen,pnguyengg@tmall.com,Portugal,218.50.36.220,true
594,Jose,Ramos,jramosgh@reverbnation.com,Macedonia,41.140.30.57,false
595,Jeffrey,Stone,jstonegi@printfriendly.com,Poland,15.42.87.102,false
596,Rachel,Hernandez,rhernandezgj@spotify.com,Georgia,137.17.234.238,true
597,Brenda,Lynch,blynchgk@usatoday.com,Indonesia,17.34.173.126,false
598,Roger,Ryan,rryangl@behance.net,Thailand,131.68.212.154,true
599,Marilyn,Schmidt,mschmidtgm@mediafire.com,Thailand,89.226.226.150,false
600,Martha,Gutierrez,mgutierrezgn@telegraph.co.uk,Indonesia,19.239.133.54,false
601,Roger,Richards,rrichardsgo@google.com.au,Philippines,13.92.51.210,false
602,Jacqueline,George,jgeorgegp@dyndns.org,Russia,163.163.254.23,true
603,Angela,Fernandez,afernandezgq@constantcontact.com,Indonesia,36.142.214.60,true
604,Emily,Graham,egrahamgr@sourceforge.net,Mauritius,169.138.245.13,true
605,Douglas,Andrews,dandrewsgs@deliciousdays.com,Azerbaijan,2.178.189.106,true
606,Ashley,Tucker,atuckergt@purevolume.com,Indonesia,98.225.135.86,false
607,Kathleen,Burns,kburnsgu@uol.com.br,Philippines,134.13.195.208,false
608,Paul,Woods,pwoodsgv@ning.com,Azerbaijan,14.160.97.36,false
609,Patrick,Reed,preedgw@privacy.gov.au,Peru,81.193.130.46,false
610,Michael,Ruiz,mruizgx@soundcloud.com,Brazil,107.240.101.43,true
611,Michael,Ellis,mellisgy@chronoengine.com,Sweden,253.192.102.186,true
612,Robin,White,rwhitegz@smh.com.au,China,143.86.74.26,false
613,Stephen,Griffin,sgriffinh0@posterous.com,Philippines,33.35.14.177,true
614,Phyllis,Fernandez,pfernandezh1@cocolog-nifty.com,United States,30.217.88.222,true
615,Laura,Austin,laustinh2@ucoz.ru,France,143.55.186.30,false
616,Norma,Knight,nknighth3@nationalgeographic.com,Armenia,175.248.242.131,true
617,Louis,Sullivan,lsullivanh4@businessinsider.com,Indonesia,50.168.187.115,false
618,Cynthia,Olson,colsonh5@about.me,China,117.102.100.144,false
619,Mildred,Wallace,mwallaceh6@theatlantic.com,Thailand,179.119.166.75,false
620,Frank,Flores,ffloresh7@pagesperso-orange.fr,China,30.89.3.76,false
621,Carolyn,Bennett,cbennetth8@nytimes.com,China,92.186.176.77,true
622,Sara,Kim,skimh9@engadget.com,Argentina,32.9.10.144,true
623,Nicholas,Woods,nwoodsha@wp.com,Russia,212.255.40.135,false
624,Anne,Kennedy,akennedyhb@soundcloud.com,Indonesia,9.49.64.70,false
625,Diane,Ortiz,dortizhc@dagondesign.com,Philippines,168.128.14.168,true
626,Louis,Long,llonghd@salon.com,United States,205.233.250.38,false
627,Brian,Chapman,bchapmanhe@vimeo.com,Philippines,189.218.89.223,false
628,Louis,Burns,lburnshf@privacy.gov.au,Philippines,215.61.99.170,false
629,Kathryn,Stanley,kstanleyhg@ca.gov,Croatia,126.47.183.47,false
630,Mark,Miller,mmillerhh@japanpost.jp,Czech Republic,239.48.77.246,false
631,Norma,Coleman,ncolemanhi@examiner.com,China,63.27.61.173,false
632,Louis,Nelson,lnelsonhj@canalblog.com,Japan,221.153.70.209,true
633,Elizabeth,Sanchez,esanchezhk@cdbaby.com,Portugal,14.181.191.55,true
634,Rebecca,Dunn,rdunnhl@imdb.com,Russia,79.80.16.20,true
635,Christine,Wright,cwrighthm@mediafire.com,Russia,170.71.11.131,true
636,Janet,Murray,jmurrayhn@goodreads.com,Belarus,51.255.181.159,false
637,Justin,Kelly,jkellyho@wired.com,Peru,250.250.175.79,true
638,Sandra,Robinson,srobinsonhp@xrea.com,Poland,28.117.164.99,false
639,Robin,Ryan,rryanhq@state.gov,Japan,240.142.37.253,true
640,Daniel,Coleman,dcolemanhr@meetup.com,China,146.38.107.66,true
641,Earl,Holmes,eholmeshs@europa.eu,Ukraine,0.74.80.187,true
642,Anthony,Graham,agrahamht@fema.gov,Vietnam,107.19.170.80,true
643,Roger,Willis,rwillishu@reference.com,Malaysia,71.1.21.213,true
644,Jessica,Thompson,jthompsonhv@engadget.com,Portugal,255.96.173.255,false
645,Gregory,Young,gyounghw@ebay.co.uk,Kazakhstan,26.80.101.240,false
646,Gerald,Meyer,gmeyerhx@dot.gov,China,168.70.36.17,true
647,Julie,White,jwhitehy@parallels.com,Nicaragua,168.202.137.191,false
648,Janice,Wheeler,jwheelerhz@cisco.com,Ecuador,47.75.111.2,true
649,Teresa,Jordan,tjordani0@bluehost.com,Israel,74.36.41.12,true
650,Carl,Hughes,chughesi1@discovery.com,Russia,142.54.150.249,true
651,Todd,Griffin,tgriffini2@yahoo.co.jp,China,189.201.102.57,true
652,Shirley,Stanley,sstanleyi3@phpbb.com,Serbia,96.253.237.36,true
653,Ann,Carr,acarri4@wunderground.com,Portugal,35.198.90.216,false
654,Carol,Fuller,cfulleri5@purevolume.com,China,250.71.106.109,true
655,Henry,Stephens,hstephensi6@slashdot.org,Philippines,95.242.19.185,false
656,Keith,Snyder,ksnyderi7@amazon.com,France,167.19.223.193,false
657,Ann,Patterson,apattersoni8@gnu.org,Ukraine,138.32.229.143,true
658,Teresa,Berry,tberryi9@themeforest.net,Tajikistan,138.254.126.72,true
659,Gloria,Cunningham,gcunninghamia@netlog.com,China,91.174.153.193,true
660,Diana,Alexander,dalexanderib@utexas.edu,Portugal,205.238.72.52,true
661,Craig,Garcia,cgarciaic@home.pl,Japan,114.86.97.140,true
662,Anne,Wheeler,awheelerid@seattletimes.com,China,153.32.159.25,false
663,George,Olson,golsonie@yolasite.com,Russia,248.184.122.117,false
664,Gerald,Williamson,gwilliamsonif@vk.com,Sweden,65.207.221.11,true
665,Janet,Duncan,jduncanig@alibaba.com,China,27.27.109.79,false
666,Jimmy,Stewart,jstewartih@si.edu,Djibouti,63.200.206.82,true
667,Linda,Chavez,lchavezii@de.vu,Indonesia,60.67.176.218,false
668,Joshua,Fields,jfieldsij@icq.com,Philippines,32.141.20.151,true
669,Bobby,Barnes,bbarnesik@theguardian.com,China,249.64.221.63,false
670,Debra,Flores,dfloresil@typepad.com,Sweden,92.206.87.119,true
671,Dorothy,Fisher,dfisherim@tiny.cc,Poland,232.137.109.123,false
672,Louis,Foster,lfosterin@archive.org,Russia,107.106.1.197,false
673,Jean,Gordon,jgordonio@netscape.com,Thailand,69.219.248.140,true
674,Lillian,Ford,lfordip@icio.us,Russia,111.245.0.7,false
675,Nicholas,Taylor,ntayloriq@elegantthemes.com,China,41.37.18.143,true
676,Todd,Burton,tburtonir@sfgate.com,Philippines,41.143.174.221,false
677,Kevin,Jenkins,kjenkinsis@china.com.cn,Indonesia,42.44.149.67,true
678,Louis,Ward,lwardit@flavors.me,Sweden,136.164.132.217,true
679,George,Scott,gscottiu@toplist.cz,China,221.214.210.74,false
680,John,Larson,jlarsoniv@uol.com.br,United States,141.168.141.134,false
681,Paul,Williams,pwilliamsiw@ameblo.jp,Indonesia,32.41.127.151,false
682,Douglas,Ford,dfordix@nationalgeographic.com,Tanzania,122.145.254.11,true
683,Dorothy,James,djamesiy@sohu.com,Thailand,102.84.221.60,true
684,Tammy,Garza,tgarzaiz@bing.com,Philippines,208.114.83.142,true
685,Virginia,Fisher,vfisherj0@google.com.br,Canada,28.208.101.201,true
686,Bobby,Hamilton,bhamiltonj1@sciencedirect.com,Brazil,244.12.55.53,false
687,Clarence,Davis,cdavisj2@mashable.com,China,73.39.51.158,true
688,Peter,Medina,pmedinaj3@bloglovin.com,China,132.217.49.51,true
689,Evelyn,Romero,eromeroj4@howstuffworks.com,Netherlands,197.43.180.187,true
690,Janice,Fernandez,jfernandezj5@cnbc.com,Poland,126.5.4.211,true
691,Ruth,Wallace,rwallacej6@opera.com,Estonia,198.53.102.96,true
692,Jane,Reyes,jreyesj7@taobao.com,China,238.45.69.159,false
693,Kathryn,Lewis,klewisj8@com.com,Pakistan,186.255.171.155,false
694,Phyllis,Wells,pwellsj9@spiegel.de,Egypt,110.79.193.193,false
695,Dorothy,Burton,dburtonja@mail.ru,Indonesia,117.188.109.167,true
696,Kevin,Russell,krusselljb@qq.com,China,180.49.176.130,true
697,Juan,Carter,jcarterjc@lulu.com,Russia,223.4.16.164,false
698,Alice,Grant,agrantjd@storify.com,Vietnam,21.195.92.246,true
699,Jeffrey,Cox,jcoxje@edublogs.org,Indonesia,114.92.234.80,false
700,Heather,Foster,hfosterjf@zimbio.com,France,75.240.97.160,false
701,Barbara,Ruiz,bruizjg@cnn.com,Albania,16.13.36.93,false
702,Michael,Cooper,mcooperjh@redcross.org,Malaysia,217.245.7.218,true
703,Ruth,Bailey,rbaileyji@cbslocal.com,Philippines,179.52.49.254,true
704,Scott,Walker,swalkerjj@mac.com,Sweden,82.236.227.140,false
705,Susan,Kelly,skellyjk@house.gov,Brazil,179.213.58.219,false
706,James,Hanson,jhansonjl@blog.com,Egypt,63.216.34.134,false
707,Walter,Watkins,wwatkinsjm@kickstarter.com,Portugal,156.10.151.35,true
708,Steve,Hart,shartjn@drupal.org,Indonesia,228.146.39.38,false
709,Angela,Moore,amoorejo@washington.edu,Poland,241.7.24.52,false
710,Jesse,Webb,jwebbjp@pinterest.com,Japan,31.158.159.131,false
711,Denise,Bradley,dbradleyjq@blogspot.com,Indonesia,253.200.203.116,false
712,Alan,Morgan,amorganjr@wp.com,Indonesia,248.16.68.217,false
713,Joe,Patterson,jpattersonjs@lycos.com,United States,100.187.104.137,false
714,Cynthia,Black,cblackjt@hostgator.com,Mali,253.238.206.92,false
715,Deborah,Simmons,dsimmonsju@guardian.co.uk,Ukraine,129.132.81.234,false
716,Michelle,Bennett,mbennettjv@geocities.jp,China,2.221.86.195,true
717,Jimmy,Cook,jcookjw@hc360.com,Brazil,36.161.147.157,false
718,Joseph,Bailey,jbaileyjx@hugedomains.com,Indonesia,67.63.15.15,false
719,Janice,Graham,jgrahamjy@businessinsider.com,Panama,185.145.27.54,false
720,Shawn,Nichols,snicholsjz@dedecms.com,Philippines,195.55.225.227,false
721,Joshua,Welch,jwelchk0@jimdo.com,Mozambique,166.204.177.66,false
722,Joshua,Matthews,jmatthewsk1@desdev.cn,China,109.24.62.226,true
723,Ryan,Hansen,rhansenk2@patch.com,Ukraine,112.139.203.103,false
724,Kimberly,Chapman,kchapmank3@prweb.com,Indonesia,105.89.201.173,false
725,Theresa,Brooks,tbrooksk4@multiply.com,France,0.181.18.47,false
726,Margaret,Porter,mporterk5@google.com.au,Portugal,150.180.80.237,true
727,Katherine,Oliver,koliverk6@sina.com.cn,Malaysia,119.30.183.88,true
728,Carolyn,Morrison,cmorrisonk7@tumblr.com,China,59.79.253.158,false
729,Emily,Patterson,epattersonk8@devhub.com,Philippines,21.134.148.28,true
730,Matthew,Carpenter,mcarpenterk9@state.gov,Uganda,191.36.191.33,true
731,Judith,Reid,jreidka@blinklist.com,Czech Republic,182.149.128.198,true
732,Julia,Hanson,jhansonkb@ted.com,Indonesia,148.115.63.208,false
733,Christina,Reid,creidkc@tripadvisor.com,Dominican Republic,177.199.241.169,false
734,Michael,Ross,mrosskd@ustream.tv,Peru,204.93.129.14,true
735,Jimmy,Mason,jmasonke@ed.gov,Germany,80.15.241.213,true
736,Patricia,Moreno,pmorenokf@etsy.com,China,200.179.8.246,false
737,Steve,Ryan,sryankg@simplemachines.org,Indonesia,109.57.0.91,true
738,Lisa,Sanchez,lsanchezkh@pinterest.com,Russia,33.101.234.169,true
739,Edward,Ferguson,efergusonki@samsung.com,Indonesia,43.118.188.187,true
740,Mildred,Cruz,mcruzkj@nifty.com,Chile,30.97.9.46,true
741,Jason,Mason,jmasonkk@omniture.com,Germany,125.177.19.237,true
742,Gregory,Grant,ggrantkl@vimeo.com,Mexico,96.140.175.218,true
743,George,Oliver,goliverkm@issuu.com,Indonesia,93.166.100.228,true
744,Frank,Armstrong,farmstrongkn@washingtonpost.com,Indonesia,47.153.3.125,true
745,Pamela,Dean,pdeanko@fotki.com,Malta,155.65.89.165,false
746,Larry,Rivera,lriverakp@ft.com,Philippines,148.244.7.66,false
747,Joshua,Campbell,jcampbellkq@ustream.tv,Russia,247.253.68.211,true
748,Joshua,Richardson,jrichardsonkr@themeforest.net,China,169.7.250.127,false
749,Sean,Rogers,srogersks@plala.or.jp,Venezuela,45.79.73.30,false
750,Craig,Burns,cburnskt@devhub.com,Canada,214.45.240.30,true
751,Dorothy,Hudson,dhudsonku@slashdot.org,Indonesia,158.237.13.7,false
752,Sarah,Snyder,ssnyderkv@tinypic.com,Burkina Faso,12.146.59.201,true
753,Carl,Greene,cgreenekw@google.com.au,Poland,100.108.109.64,false
754,Mark,Walker,mwalkerkx@artisteer.com,Tunisia,90.239.249.19,true
755,Marilyn,Larson,mlarsonky@redcross.org,Argentina,98.166.3.76,false
756,Ernest,Stevens,estevenskz@nytimes.com,Czech Republic,147.137.103.87,true
757,Sandra,Johnson,sjohnsonl0@chron.com,Indonesia,135.194.68.15,false
758,Eugene,Rogers,erogersl1@omniture.com,Thailand,163.65.217.14,false
759,Kevin,Palmer,kpalmerl2@ft.com,Russia,71.195.218.29,false
760,Robert,Spencer,rspencerl3@usa.gov,China,89.237.145.210,false
761,Patrick,Richardson,prichardsonl4@twitpic.com,Russia,24.90.115.2,false
762,Aaron,Thompson,athompsonl5@omniture.com,China,39.211.78.88,true
763,Kelly,Ruiz,kruizl6@auda.org.au,Uganda,94.69.77.36,false
764,Diane,Reid,dreidl7@marketwatch.com,China,160.30.89.136,false
765,Sean,Graham,sgrahaml8@canalblog.com,Argentina,24.78.146.46,false
766,Beverly,Cooper,bcooperl9@usgs.gov,Philippines,242.176.243.161,true
767,Lawrence,Richardson,lrichardsonla@eventbrite.com,China,245.140.15.158,true
768,Fred,Crawford,fcrawfordlb@dailymotion.com,Czech Republic,249.242.86.178,true
769,Joan,Hill,jhilllc@biblegateway.com,Indonesia,108.178.244.13,true
770,Joseph,Griffin,jgriffinld@sina.com.cn,Serbia,199.165.77.147,true
771,John,Walker,jwalkerle@typepad.com,Argentina,208.153.148.207,true
772,Bobby,Graham,bgrahamlf@myspace.com,Peru,115.200.115.184,false
773,Margaret,Holmes,mholmeslg@huffingtonpost.com,Portugal,114.71.141.36,false
774,Joe,Green,jgreenlh@jimdo.com,Tunisia,222.27.71.157,false
775,Lisa,Stewart,lstewartli@php.net,Myanmar,175.187.13.240,true
776,Clarence,Bowman,cbowmanlj@csmonitor.com,China,108.26.150.230,false
777,Joan,Edwards,jedwardslk@dedecms.com,Russia,157.245.149.118,false
778,Chris,Frazier,cfrazierll@google.co.jp,Lithuania,7.173.95.192,false
779,Bruce,Davis,bdavislm@unblog.fr,Sweden,7.57.97.250,false
780,Karen,Watkins,kwatkinsln@yahoo.com,France,50.96.96.220,false
781,Jessica,Griffin,jgriffinlo@pagesperso-orange.fr,Philippines,113.247.217.236,true
782,Cheryl,Hart,chartlp@mac.com,Indonesia,194.51.48.29,true
783,Robin,Carter,rcarterlq@google.fr,Luxembourg,193.246.220.87,true
784,Lillian,Hayes,lhayeslr@jimdo.com,Philippines,103.50.94.31,true
785,Nicholas,Dean,ndeanls@mashable.com,Indonesia,109.141.79.191,false
786,Sarah,Simmons,ssimmonslt@skype.com,Indonesia,136.106.172.241,false
787,Ruth,Lawrence,rlawrencelu@army.mil,Sweden,3.234.92.243,true
788,Cynthia,Sullivan,csullivanlv@about.me,Ukraine,153.36.163.37,false
789,Russell,Ross,rrosslw@imageshack.us,French Polynesia,73.177.5.27,false
790,Jesse,Patterson,jpattersonlx@webs.com,Philippines,245.37.75.193,true
791,Albert,Long,alongly@yolasite.com,Indonesia,183.34.62.52,true
792,Aaron,Thomas,athomaslz@webeden.co.uk,Ecuador,230.160.78.202,false
793,Sandra,Dixon,sdixonm0@go.com,Indonesia,67.189.25.107,true
794,Ernest,Reed,ereedm1@people.com.cn,Brazil,0.107.221.62,false
795,Jerry,Morris,jmorrism2@netvibes.com,Russia,33.236.112.169,false
796,Ashley,Medina,amedinam3@posterous.com,Indonesia,87.173.213.186,true
797,Shirley,Lewis,slewism4@pbs.org,China,119.67.233.155,true
798,Kathy,Gomez,kgomezm5@1688.com,Colombia,77.144.143.75,false
799,Victor,Knight,vknightm6@dailymotion.com,Colombia,160.29.65.105,false
800,Christine,Fuller,cfullerm7@squarespace.com,Portugal,40.44.44.65,true
801,Harold,Cooper,hcooperm8@salon.com,Malaysia,183.247.94.122,true
802,Janice,Woods,jwoodsm9@usa.gov,Portugal,101.53.223.156,false
803,Kevin,Thomas,kthomasma@bloglines.com,Indonesia,5.64.217.87,true
804,Denise,Griffin,dgriffinmb@samsung.com,Uganda,213.227.150.116,true
805,Marie,Perry,mperrymc@mail.ru,Greece,215.170.71.223,false
806,Jeffrey,Lee,jleemd@sitemeter.com,Indonesia,179.118.207.196,false
807,Kimberly,Shaw,kshawme@nydailynews.com,Philippines,109.122.242.198,true
808,Andrew,Ortiz,aortizmf@springer.com,Poland,70.76.251.102,false
809,Theresa,Montgomery,tmontgomerymg@dmoz.org,Mexico,237.142.6.106,false
810,Willie,Kelly,wkellymh@sogou.com,France,149.110.179.206,true
811,Stephanie,Moore,smooremi@goodreads.com,Philippines,247.133.86.171,true
812,Keith,Woods,kwoodsmj@hatena.ne.jp,Russia,134.172.71.93,true
813,Earl,Evans,eevansmk@dedecms.com,Russia,79.223.109.146,false
814,Henry,Foster,hfosterml@nifty.com,Portugal,120.130.158.226,false
815,Thomas,Richards,trichardsmm@zdnet.com,France,97.164.197.130,true
816,Todd,Anderson,tandersonmn@amazonaws.com,Japan,97.211.199.12,true
817,Gloria,Allen,gallenmo@mail.ru,Brazil,130.236.69.16,true
818,Jerry,Chapman,jchapmanmp@booking.com,France,168.42.66.188,true
819,Harold,Harrison,hharrisonmq@google.ca,Peru,103.24.126.64,true
820,Elizabeth,Ellis,eellismr@jalbum.net,Ghana,63.48.238.185,false
821,Justin,Coleman,jcolemanms@ameblo.jp,China,236.143.166.98,false
822,Thomas,Alvarez,talvarezmt@psu.edu,China,77.241.27.188,false
823,Amy,Morgan,amorganmu@apache.org,Greece,58.69.3.249,false
824,Annie,Medina,amedinamv@topsy.com,Russia,9.240.39.170,true
825,Catherine,Richards,crichardsmw@creativecommons.org,China,253.44.125.234,true
826,George,Franklin,gfranklinmx@hhs.gov,Sweden,104.67.111.40,false
827,Stephen,Riley,srileymy@stanford.edu,China,94.30.89.81,false
828,Theresa,Austin,taustinmz@hc360.com,Japan,23.169.247.253,true
829,Kathryn,Myers,kmyersn0@hc360.com,China,109.97.211.111,false
830,Karen,Hart,khartn1@goo.gl,Cuba,238.73.210.59,true
831,Judith,Ellis,jellisn2@yandex.ru,Philippines,214.156.27.81,true
832,Roy,Fowler,rfowlern3@eepurl.com,China,130.235.229.42,false
833,Ruth,Gutierrez,rgutierrezn4@com.com,Indonesia,237.4.193.77,false
834,Roger,Palmer,rpalmern5@apple.com,Philippines,29.129.100.72,false
835,David,Dunn,ddunnn6@woothemes.com,China,243.94.122.162,false
836,William,Thomas,wthomasn7@baidu.com,China,113.207.163.195,true
837,Lisa,Howell,lhowelln8@cafepress.com,China,96.249.183.125,true
838,Howard,Lynch,hlynchn9@devhub.com,Mongolia,129.108.89.170,false
839,Kathy,Snyder,ksnyderna@spotify.com,Russia,45.15.138.220,false
840,Annie,Perry,aperrynb@bloglines.com,United States,237.102.191.196,false
841,Phillip,Harper,pharpernc@cloudflare.com,Bosnia and Herzegovina,72.161.75.7,true
842,Jason,Walker,jwalkernd@paypal.com,Greece,84.184.162.200,false
843,Wayne,Howell,whowellne@upenn.edu,China,97.237.98.98,false
844,Julia,Knight,jknightnf@mapy.cz,Belize,219.103.176.78,false
845,Aaron,Bradley,abradleyng@istockphoto.com,Brazil,214.16.213.176,false
846,John,Murphy,jmurphynh@forbes.com,Honduras,15.70.111.218,false
847,Marie,Johnston,mjohnstonni@theglobeandmail.com,Sri Lanka,60.249.121.172,true
848,Irene,Hall,ihallnj@biglobe.ne.jp,Czech Republic,169.25.126.36,true
849,Scott,Williamson,swilliamsonnk@smugmug.com,China,163.110.204.142,true
850,Andrea,Harper,aharpernl@accuweather.com,Peru,20.201.108.251,true
851,Randy,Hawkins,rhawkinsnm@cisco.com,China,103.178.123.74,true
852,Ann,Bowman,abowmannn@bbc.co.uk,South Korea,42.60.10.88,false
853,Gerald,Kim,gkimno@globo.com,Mauritania,254.177.0.131,true
854,Charles,Torres,ctorresnp@cocolog-nifty.com,Philippines,53.148.86.120,false
855,Robert,Carr,rcarrnq@typepad.com,China,207.87.170.3,false
856,Laura,Rodriguez,lrodrigueznr@dot.gov,Uzbekistan,113.70.225.69,true
857,Rose,Lewis,rlewisns@craigslist.org,Colombia,94.173.170.79,true
858,Kathleen,Gordon,kgordonnt@hexun.com,Portugal,33.182.45.146,false
859,Anna,Adams,aadamsnu@gov.uk,Seychelles,229.48.74.178,true
860,Margaret,Williamson,mwilliamsonnv@economist.com,Morocco,172.66.55.157,true
861,Patricia,Sanchez,psancheznw@upenn.edu,China,4.145.23.32,true
862,Debra,Fuller,dfullernx@vinaora.com,Vietnam,221.81.173.75,false
863,Cheryl,Long,clongny@wp.com,Serbia,168.183.17.32,false
864,Christina,Clark,cclarknz@sun.com,Russia,167.79.219.34,false
865,Paul,Dixon,pdixono0@a8.net,Malaysia,121.0.8.16,false
866,Kevin,Weaver,kweavero1@tiny.cc,China,113.199.226.133,true
867,Janet,Carroll,jcarrollo2@aboutads.info,Sweden,164.187.122.66,true
868,Paul,Duncan,pduncano3@economist.com,Macedonia,64.241.141.253,false
869,Samuel,George,sgeorgeo4@jimdo.com,Philippines,191.67.63.152,true
870,Doris,Diaz,ddiazo5@guardian.co.uk,Ukraine,11.59.35.12,false
871,Kenneth,Sanchez,ksanchezo6@jiathis.com,Argentina,197.133.206.240,false
872,Kenneth,Hanson,khansono7@redcross.org,China,23.118.48.226,true
873,Margaret,Ellis,melliso8@yelp.com,China,127.92.241.147,false
874,Adam,Gray,agrayo9@msu.edu,Laos,165.246.177.8,true
875,Mary,Day,mdayoa@prnewswire.com,Portugal,184.212.168.145,false
876,Andrew,Reyes,areyesob@g.co,Philippines,204.161.144.255,false
877,Lillian,Murray,lmurrayoc@twitter.com,Palestinian Territory,56.48.129.112,true
878,Emily,Nelson,enelsonod@constantcontact.com,China,89.103.14.161,true
879,Carolyn,Reed,creedoe@usnews.com,Paraguay,99.104.207.207,false
880,Phyllis,Harrison,pharrisonof@nationalgeographic.com,Russia,240.231.53.153,false
881,Sarah,Torres,storresog@foxnews.com,Philippines,16.50.107.40,true
882,Phillip,Knight,pknightoh@nationalgeographic.com,Poland,215.42.51.86,false
883,Pamela,Duncan,pduncanoi@t-online.de,Portugal,168.252.220.50,false
884,Gary,Harrison,gharrisonoj@bandcamp.com,Russia,14.130.177.171,true
885,Phillip,Payne,ppayneok@macromedia.com,Mexico,10.212.97.177,true
886,Lois,Cole,lcoleol@discuz.net,Brazil,10.126.154.153,true
887,Diana,Pierce,dpierceom@facebook.com,China,36.248.110.226,true
888,Arthur,Spencer,aspenceron@imgur.com,Venezuela,137.15.142.225,false
889,Ann,Hansen,ahansenoo@stumbleupon.com,Peru,131.40.80.38,false
890,Charles,Mcdonald,cmcdonaldop@indiatimes.com,Lithuania,145.164.157.241,true
891,Judith,Russell,jrusselloq@photobucket.com,Poland,172.193.103.1,true
892,Norma,Dean,ndeanor@china.com.cn,Argentina,190.221.250.19,false
893,Peter,Gonzales,pgonzalesos@indiegogo.com,Russia,184.6.201.197,true
894,Michael,Spencer,mspencerot@wix.com,United States,47.186.20.171,false
895,Carlos,Taylor,ctaylorou@squarespace.com,China,119.253.32.18,true
896,Antonio,Fisher,afisherov@fda.gov,Lithuania,208.127.39.11,true
897,Linda,Thompson,lthompsonow@feedburner.com,Oman,179.94.175.62,true
898,Kathleen,Hall,khallox@hexun.com,Indonesia,20.245.216.99,true
899,Kathy,Cook,kcookoy@google.com,Ukraine,10.168.9.43,false
900,Pamela,Perry,pperryoz@bravesites.com,China,81.46.158.255,false
901,Larry,Dunn,ldunnp0@hud.gov,Togo,40.103.41.171,true
902,Lois,Stephens,lstephensp1@mac.com,China,218.41.80.42,true
903,Amanda,Elliott,aelliottp2@slashdot.org,Indonesia,165.225.172.188,true
904,Theresa,Stewart,tstewartp3@netvibes.com,China,1.146.157.98,false
905,Debra,Cole,dcolep4@msn.com,France,213.134.172.10,true
906,Harold,Meyer,hmeyerp5@soundcloud.com,Russia,215.85.104.249,false
907,Daniel,Gilbert,dgilbertp6@samsung.com,Iran,205.138.20.94,false
908,Aaron,Gibson,agibsonp7@sciencedirect.com,Panama,14.20.164.229,true
909,Thomas,Ward,twardp8@usa.gov,Czech Republic,4.78.43.55,false
910,Michael,Montgomery,mmontgomeryp9@bloomberg.com,Poland,154.199.68.81,true
911,Lawrence,Ortiz,lortizpa@storify.com,Azerbaijan,92.14.89.254,true
912,Rose,Berry,rberrypb@scribd.com,Ukraine,20.192.33.183,true
913,Kathy,Rogers,krogerspc@networkadvertising.org,Philippines,13.164.150.79,false
914,Debra,Henderson,dhendersonpd@freewebs.com,Czech Republic,161.105.99.94,true
915,Carl,Ellis,cellispe@ed.gov,Eritrea,23.32.167.26,false
916,Paula,Howell,phowellpf@dedecms.com,Poland,39.82.184.244,true
917,Kenneth,Rice,kricepg@so-net.ne.jp,Lithuania,85.107.183.35,false
918,Diana,Simpson,dsimpsonph@mlb.com,China,118.27.32.147,false
919,Nancy,Morris,nmorrispi@umn.edu,Azerbaijan,168.144.94.82,false
920,Joyce,Freeman,jfreemanpj@wiley.com,China,205.175.204.129,true
921,Peter,Woods,pwoodspk@marketwatch.com,Philippines,30.155.22.97,false
922,Aaron,Black,ablackpl@google.fr,China,57.106.135.20,true
923,Gregory,Gomez,ggomezpm@last.fm,Indonesia,38.155.156.98,true
924,Bonnie,Tucker,btuckerpn@acquirethisname.com,Indonesia,93.251.65.26,true
925,Larry,Morgan,lmorganpo@hostgator.com,Costa Rica,130.221.139.236,true
926,Adam,Burke,aburkepp@360.cn,Honduras,240.219.1.232,false
927,James,Reyes,jreyespq@dedecms.com,Ireland,156.223.71.242,false
928,Randy,Henderson,rhendersonpr@nifty.com,Peru,144.19.38.181,false
929,Harold,Knight,hknightps@cmu.edu,Mexico,212.7.36.56,false
930,Gregory,Sanders,gsanderspt@buzzfeed.com,China,35.97.40.123,false
931,Ashley,Ward,awardpu@google.pl,Mexico,2.26.64.119,true
932,Sean,Roberts,srobertspv@bandcamp.com,Indonesia,196.179.188.6,false
933,Victor,Williamson,vwilliamsonpw@hatena.ne.jp,China,165.200.207.1,true
934,Jason,Adams,jadamspx@va.gov,China,158.132.76.64,false
935,Doris,Banks,dbankspy@sina.com.cn,Portugal,93.139.63.97,true
936,Melissa,Garza,mgarzapz@fda.gov,Indonesia,150.106.145.160,false
937,Charles,Mitchell,cmitchellq0@youtube.com,Indonesia,242.142.164.151,false
938,Stephanie,Crawford,scrawfordq1@squarespace.com,Portugal,203.181.236.28,false
939,Jeremy,Miller,jmillerq2@telegraph.co.uk,Russia,178.165.191.43,false
940,Anthony,Andrews,aandrewsq3@census.gov,China,11.114.74.192,true
941,Edward,Bell,ebellq4@netvibes.com,France,118.39.213.85,true
942,Bobby,Nelson,bnelsonq5@zdnet.com,China,190.169.228.56,false
943,Joyce,Little,jlittleq6@printfriendly.com,Albania,27.242.222.89,false
944,Nicole,Sanders,nsandersq7@craigslist.org,Thailand,9.249.125.193,false
945,Tina,Greene,tgreeneq8@army.mil,China,114.123.236.20,true
946,Earl,Warren,ewarrenq9@biglobe.ne.jp,Bolivia,83.183.230.200,false
947,Rebecca,Campbell,rcampbellqa@so-net.ne.jp,Luxembourg,91.129.115.41,true
948,James,Hall,jhallqb@weibo.com,France,48.5.182.18,false
949,Amy,Garrett,agarrettqc@shop-pro.jp,Portugal,45.152.92.46,true
950,Ralph,Myers,rmyersqd@smugmug.com,Philippines,73.201.232.246,false
951,Anne,Lawson,alawsonqe@cornell.edu,Indonesia,58.207.175.189,true
952,Marilyn,Fisher,mfisherqf@delicious.com,Sweden,223.146.142.11,true
953,Randy,Jackson,rjacksonqg@yahoo.com,China,123.205.52.206,true
954,Roy,Allen,rallenqh@icio.us,China,204.10.151.242,false
955,Kimberly,Price,kpriceqi@umn.edu,Poland,71.26.182.213,true
956,Angela,Spencer,aspencerqj@pagesperso-orange.fr,Philippines,237.21.56.101,false
957,Brian,Olson,bolsonqk@bloomberg.com,China,71.236.5.200,true
958,Kevin,Pierce,kpierceql@mashable.com,Mali,236.193.32.202,false
959,Martha,Sanchez,msanchezqm@wired.com,Cyprus,95.216.236.163,false
960,Beverly,Simmons,bsimmonsqn@princeton.edu,Paraguay,90.188.26.5,true
961,Bruce,Kelley,bkelleyqo@edublogs.org,United States,228.226.21.37,false
962,Janet,Nguyen,jnguyenqp@fda.gov,China,111.61.126.91,false
963,Maria,Johnson,mjohnsonqq@t-online.de,Poland,189.246.155.26,false
964,Kenneth,Woods,kwoodsqr@wired.com,China,36.27.237.105,false
965,Wanda,Green,wgreenqs@canalblog.com,Poland,152.197.105.133,true
966,Keith,White,kwhiteqt@php.net,Canada,87.116.134.255,true
967,Rebecca,Porter,rporterqu@scribd.com,France,249.173.165.117,false
968,Samuel,Scott,sscottqv@usnews.com,Palestinian Territory,119.76.248.106,false
969,Louis,Hanson,lhansonqw@yandex.ru,Sweden,177.91.236.73,true
970,Kimberly,Knight,kknightqx@jalbum.net,Sweden,222.4.41.67,true
971,Elizabeth,Sullivan,esullivanqy@virginia.edu,Philippines,162.157.44.44,true
972,Brandon,Howard,bhowardqz@cisco.com,Germany,202.157.157.10,false
973,Jean,Owens,jowensr0@bbb.org,Indonesia,91.57.90.67,true
974,Adam,Hicks,ahicksr1@desdev.cn,Brazil,142.36.174.243,true
975,Shawn,Nelson,snelsonr2@washington.edu,China,86.60.134.42,false
976,Theresa,Richards,trichardsr3@sohu.com,Myanmar,144.1.238.86,true
977,Rebecca,Ellis,rellisr4@state.tx.us,Indonesia,124.120.77.132,true
978,Rachel,Hart,rhartr5@constantcontact.com,Philippines,217.245.75.111,true
979,Ernest,Cox,ecoxr6@telegraph.co.uk,Kenya,155.192.237.179,false
980,Frank,Turner,fturnerr7@goo.gl,China,95.114.107.246,false
981,Adam,Olson,aolsonr8@businessweek.com,China,108.33.248.111,false
982,Lois,Ramos,lramosr9@nature.com,Cameroon,100.209.27.116,false
983,Anthony,Morgan,amorganra@opera.com,Iraq,152.119.4.142,true
984,Scott,Richards,srichardsrb@soundcloud.com,Sweden,126.170.183.162,true
985,Ruby,Montgomery,rmontgomeryrc@xing.com,Indonesia,174.195.200.21,false
986,Charles,Watson,cwatsonrd@drupal.org,Syria,244.73.217.127,true
987,Sarah,Watkins,swatkinsre@shop-pro.jp,Bulgaria,2.175.120.229,false
988,Brenda,Roberts,brobertsrf@redcross.org,China,21.102.163.69,true
989,Anthony,Stone,astonerg@vinaora.com,Indonesia,141.30.217.142,true
990,Ruth,Crawford,rcrawfordrh@altervista.org,Poland,143.52.82.65,true
991,Joseph,Johnston,jjohnstonri@bbc.co.uk,Argentina,202.153.253.92,true
992,Earl,Welch,ewelchrj@google.cn,China,51.167.138.43,true
993,Pamela,Morales,pmoralesrk@eepurl.com,China,250.2.184.250,true
994,Carl,Robinson,crobinsonrl@nature.com,Vietnam,14.206.114.200,true
995,Julia,Sanders,jsandersrm@cbc.ca,Poland,156.31.123.247,true
996,Louise,Fisher,lfisherrn@e-recht24.de,Indonesia,104.51.39.5,false
997,Alan,Elliott,aelliottro@cbslocal.com,China,251.153.74.92,false
998,Irene,Russell,irussellrp@is.gd,Albania,51.114.129.152,false
999,Rebecca,Bowman,rbowmanrq@cyberchimps.com,Slovenia,211.173.165.180,false
1000,Daniel,Armstrong,darmstrongrr@cargocollective.com,Poland,80.245.88.19,true
